-- phpMyAdmin SQL Dump
-- version 3.4.10.1
-- http://www.phpmyadmin.net
--
-- Host: localhost
-- Generation Time: May 19, 2015 at 01:43 PM
-- Server version: 5.1.61
-- PHP Version: 5.3.29

SET SQL_MODE="NO_AUTO_VALUE_ON_ZERO";
SET time_zone = "+00:00";


/*!40101 SET @OLD_CHARACTER_SET_CLIENT=@@CHARACTER_SET_CLIENT */;
/*!40101 SET @OLD_CHARACTER_SET_RESULTS=@@CHARACTER_SET_RESULTS */;
/*!40101 SET @OLD_COLLATION_CONNECTION=@@COLLATION_CONNECTION */;
/*!40101 SET NAMES utf8 */;

--
-- Database: `p918_stemmenteller`
--

-- --------------------------------------------------------

--
-- Table structure for table `movies`
--

CREATE TABLE IF NOT EXISTS `movies` (
  `movie_id` int(10) NOT NULL AUTO_INCREMENT,
  `movie_name` varchar(255) NOT NULL,
  `movie_can_win` tinyint(1) NOT NULL DEFAULT '1',
  PRIMARY KEY (`movie_id`)
) ENGINE=InnoDB  DEFAULT CHARSET=utf8 AUTO_INCREMENT=86 ;

--
-- Dumping data for table `movies`
--

INSERT INTO `movies` (`movie_id`, `movie_name`, `movie_can_win`) VALUES
(2, '82 Dagen in april', 1),
(3, 'Aanmodderfakker', 0),
(4, 'Angelus ', 0),
(5, 'Antboy', 1),
(6, 'Ash', 1),
(7, 'Autors of Tarragona', 0),
(8, 'Before Snowfall', 1),
(9, 'Belleville Baby', 1),
(10, 'Bjork: Biophilia Live', 1),
(11, 'Boy Upside Down', 1),
(12, 'Brasslands', 1),
(13, 'Brozer', 1),
(14, 'Cherry Tobacco', 1),
(15, 'Cold Breezes', 1),
(16, 'Concrete Night', 1),
(17, 'Corn Island', 1),
(18, 'De Útflecht', 1),
(19, 'Drift', 1),
(20, 'Dwers en tear + Heit', 0),
(21, 'Een vlucht regenwulpen', 0),
(22, 'Emil & Ida van de hazelhoeve', 1),
(23, 'Everybody Sometimes Falls', 1),
(24, 'Finnish Blood, Swedish Heart', 1),
(25, 'Free Fall', 1),
(26, 'Free Range: Ballad on Approving of The World', 1),
(27, 'God Help The Girl', 1),
(28, 'Halfweg', 1),
(29, 'Heart of a Lion', 1),
(30, 'Het is nooit stil', 1),
(31, 'Home', 1),
(32, 'Hotel Bellevue + Vom hören sagen', 0),
(33, 'I Belong', 1),
(34, 'Ijspaard', 1),
(35, 'In jouw naam', 1),
(36, 'It''s Only Make Believe', 1),
(37, 'Het mooiste komt nog', 0),
(38, 'Le Grand Cahier', 1),
(39, 'Letter To The King', 1),
(40, 'Love Me', 1),
(41, 'Made in Limburg', 0),
(42, 'Medicine', 1),
(43, 'Metalhead', 1),
(44, 'Never a Dull Moment', 1),
(45, 'NNO: Gevangen in verbondenheid', 0),
(46, 'NNO: De zin van het leven', 0),
(47, 'NNO: Human Nature', 0),
(48, 'Nordic Factory', 0),
(49, 'Nordic Horror Night: When Animals dream', 1),
(50, 'Of Horses and Men', 1),
(51, 'Oldschool Renegades', 1),
(52, 'Parels uit het Fries Film Archief', 0),
(53, 'Paris Of The North', 1),
(54, 'Party Girl', 1),
(55, 'Random Film Festival: Short Film Selection', 0),
(56, 'Remonstrance', 0),
(57, 'Reporter', 1),
(58, 'Rocks in my pockets', 1),
(59, 'Sagrada: el misteri de la creacio', 1),
(60, 'Siblings Are Forever', 1),
(61, 'Something Must Break', 1),
(62, 'Speed Walking', 1),
(63, 'Still Life', 1),
(64, 'Stream of Love ', 1),
(65, 'Stuk!', 1),
(66, 'Supernova', 1),
(67, 'The Disciple', 1),
(68, 'The Hour of The Lynx', 1),
(69, 'The Hunt', 0),
(70, 'The Optimists', 1),
(71, 'The Quiet Roar', 1),
(72, 'The Salvation', 1),
(73, 'The Sunfish', 1),
(74, 'The Tree', 1),
(75, 'Tsjechisch kerstfeest + Dagboeken van een olifant', 0),
(76, 'Victoria', 1),
(77, 'Viktoria', 1),
(78, 'Violet', 1),
(79, 'West', 1),
(80, 'White God', 1),
(81, 'Wisecrackers', 0),
(82, '1989', 1),
(83, 'Yoik fever + reizigers in de nacht', 1),
(84, 'Ennik films & stills', 0),
(85, 'Ken je mij nog? + Het mooiste komt nog', 1);

-- --------------------------------------------------------

--
-- Table structure for table `settings`
--

CREATE TABLE IF NOT EXISTS `settings` (
  `setting_name` varchar(255) NOT NULL,
  `setting_value` text NOT NULL,
  UNIQUE KEY `UNIQUE` (`setting_name`)
) ENGINE=InnoDB DEFAULT CHARSET=utf8;

--
-- Dumping data for table `settings`
--

INSERT INTO `settings` (`setting_name`, `setting_value`) VALUES
('festival_name', 'NFF36'),
('show_ranking_auto_limit_day', '09'),
('show_ranking_auto_limit_hour', '14'),
('show_ranking_auto_limit_minutes', '00'),
('show_ranking_auto_limit_month', '11'),
('show_ranking_auto_limit_year', '2014'),
('show_ranking_status', 'from4'),
('voting_minimum', '100');

-- --------------------------------------------------------

--
-- Table structure for table `showings`
--

CREATE TABLE IF NOT EXISTS `showings` (
  `showing_id` int(10) NOT NULL AUTO_INCREMENT,
  `movie_id` int(10) NOT NULL,
  `showing_datetime` varchar(32) DEFAULT NULL,
  PRIMARY KEY (`showing_id`)
) ENGINE=InnoDB  DEFAULT CHARSET=utf8 AUTO_INCREMENT=254 ;

--
-- Dumping data for table `showings`
--

INSERT INTO `showings` (`showing_id`, `movie_id`, `showing_datetime`) VALUES
(2, 2, '1415385900'),
(3, 2, '1415446200'),
(8, 6, '1415265300'),
(9, 6, '1415446200'),
(10, 7, '1415447100'),
(19, 12, '1415455200'),
(20, 13, '1415265300'),
(21, 13, '1415376900'),
(27, 17, '1415214900'),
(28, 17, '1415358900'),
(29, 17, '1415472300'),
(32, 19, '1415222100'),
(33, 19, '1415559600'),
(34, 20, '1415376900'),
(35, 20, '1415526300'),
(36, 21, '1415279700'),
(37, 21, '1415534400'),
(38, 22, '1415439900'),
(48, 28, '1415289600'),
(49, 28, '1415481300'),
(52, 30, '1415273400'),
(58, 34, '1415463300'),
(59, 34, '1415549700'),
(60, 35, '1415272500'),
(61, 35, '1415386800'),
(72, 41, '1415394000'),
(73, 42, '1415394000'),
(74, 42, '1415445300'),
(79, 45, '1415299500'),
(80, 46, '1415524500'),
(81, 47, '1415358900'),
(88, 51, '1415481300'),
(89, 52, '1415542500'),
(96, 56, '1415281500'),
(97, 57, '1415367900'),
(98, 57, '1415525400'),
(99, 58, '1415272500'),
(100, 58, '1415557800'),
(101, 59, '1415394900'),
(102, 59, '1415542500'),
(107, 62, '1415214000'),
(108, 62, '1415445300'),
(113, 65, '1415272500'),
(114, 65, '1415394000'),
(115, 66, '1415223000'),
(116, 66, '1415351700'),
(131, 74, '1415300400'),
(132, 74, '1415350800'),
(133, 74, '1415566800'),
(134, 75, '1415281500'),
(135, 76, '1415271600'),
(136, 76, '1415462400'),
(137, 77, '1415366100'),
(138, 77, '1415523600'),
(139, 78, '1415308500'),
(140, 78, '1415438100'),
(141, 79, '1415358000'),
(142, 79, '1415454300'),
(145, 81, '1415387700'),
(146, 82, '1415214000'),
(149, 5, '1415439000'),
(152, 18, '1415385000'),
(153, 18, '1415390400'),
(154, 31, '1415307600'),
(155, 31, '1415376000'),
(156, 43, '1415289600'),
(157, 43, '1415481300'),
(171, 64, '1415280600'),
(172, 64, '1415558700'),
(173, 4, '1415549700'),
(174, 3, '1415564100'),
(175, 37, '1415533500'),
(176, 50, '1415214000'),
(177, 50, '1415367000'),
(178, 8, '1415350800'),
(179, 8, '1415473200'),
(180, 8, '1415532600'),
(181, 9, '1415376900'),
(182, 9, '1415550600'),
(183, 10, '1415300400'),
(184, 23, '1415264400'),
(185, 23, '1415482200'),
(186, 39, '1415215800'),
(187, 39, '1415455200'),
(188, 39, '1415548800'),
(189, 71, '1415223900'),
(190, 71, '1415359800'),
(191, 71, '1415567700'),
(192, 70, '1415214900'),
(193, 70, '1415566800'),
(194, 53, '1415222100'),
(195, 53, '1415473200'),
(196, 53, '1415540700'),
(197, 63, '1415222100'),
(198, 63, '1415482200'),
(199, 67, '1415264400'),
(200, 67, '1415394900'),
(201, 68, '1415280600'),
(202, 68, '1415482200'),
(203, 11, '1415385900'),
(204, 11, '1415534400'),
(205, 14, '1415299500'),
(206, 14, '1415376900'),
(207, 15, '1415455200'),
(208, 16, '1415307600'),
(209, 16, '1415533500'),
(210, 24, '1415358000'),
(211, 24, '1415566800'),
(212, 25, '1415377800'),
(213, 25, '1415557800'),
(214, 26, '1415367000'),
(215, 26, '1415454300'),
(216, 27, '1415394000'),
(217, 29, '1415290500'),
(218, 29, '1415558700'),
(219, 32, '1415385900'),
(220, 33, '1415385000'),
(221, 33, '1415437200'),
(222, 36, '1415351700'),
(223, 36, '1415548800'),
(224, 38, '1415299500'),
(225, 38, '1415540700'),
(226, 40, '1415290500'),
(227, 40, '1415541600'),
(228, 44, '1415367900'),
(229, 44, '1415473200'),
(230, 48, '1415359800'),
(231, 48, '1415541600'),
(232, 49, '1415308500'),
(233, 49, '1415463300'),
(234, 54, '1415308500'),
(235, 54, '1415549700'),
(236, 69, '1415368800'),
(237, 72, '1415281500'),
(238, 72, '1415533500'),
(239, 73, '1415272500'),
(240, 73, '1415524500'),
(241, 80, '1415472300'),
(242, 80, '1415565900'),
(243, 55, '1415462400'),
(244, 61, '1415290500'),
(245, 61, '1415439000'),
(246, 60, '1415289600'),
(247, 60, '1415524500'),
(248, 83, '1415308500'),
(249, 83, '1415558700'),
(251, 84, '1415465100'),
(252, 84, '1415300400'),
(253, 85, '1415533500');

-- --------------------------------------------------------

--
-- Table structure for table `users`
--

CREATE TABLE IF NOT EXISTS `users` (
  `user_id` int(5) NOT NULL AUTO_INCREMENT,
  `user_name` varchar(100) NOT NULL,
  `user_password` varchar(128) NOT NULL,
  `user_level` int(3) NOT NULL DEFAULT '0',
  PRIMARY KEY (`user_id`)
) ENGINE=InnoDB  DEFAULT CHARSET=utf8 AUTO_INCREMENT=3 ;

--
-- Dumping data for table `users`
--

INSERT INTO `users` (`user_id`, `user_name`, `user_password`, `user_level`) VALUES
(1, 'admin', '$2y$10$/BiR/aylmWeJxrk1uEfPuumSphFMvj8jw3jWkGIj5GtI3izz6TlHy', 0),
(2, 'manager', '$2y$10$hNdWAExDUw6Actis480q5ujpJIafRE/nfgjDr3HGs/.mBhjS8HcMa', 1);

-- --------------------------------------------------------

--
-- Table structure for table `votings`
--

CREATE TABLE IF NOT EXISTS `votings` (
  `voting_id` int(10) NOT NULL AUTO_INCREMENT,
  `voting_datetime` int(20) NOT NULL,
  `movie_id` int(10) NOT NULL,
  `showing_id` int(10) NOT NULL,
  `grades` text NOT NULL,
  `num_visitors` int(5) NOT NULL,
  `num_volunteers` int(5) NOT NULL,
  PRIMARY KEY (`voting_id`)
) ENGINE=InnoDB  DEFAULT CHARSET=utf8 AUTO_INCREMENT=163 ;

--
-- Dumping data for table `votings`
--

INSERT INTO `votings` (`voting_id`, `voting_datetime`, `movie_id`, `showing_id`, `grades`, `num_visitors`, `num_volunteers`) VALUES
(6, 1415224226, 70, 122, 'a:5:{i:5;s:2:"19";i:4;s:2:"17";i:3;s:1:"2";i:2;s:1:"0";i:1;s:1:"0";}', 41, 0),
(7, 1415224365, 62, 107, 'a:5:{i:5;s:1:"8";i:4;s:2:"23";i:3;s:1:"6";i:2;s:1:"0";i:1;s:1:"0";}', 38, 2),
(8, 1415224455, 82, 146, 'a:5:{i:5;s:2:"22";i:4;s:2:"17";i:3;s:1:"3";i:2;s:1:"0";i:1;s:1:"0";}', 48, 0),
(9, 1415224850, 17, 27, 'a:5:{i:5;s:2:"12";i:4;s:2:"23";i:3;s:1:"6";i:2;s:1:"1";i:1;s:1:"0";}', 40, 4),
(10, 1415224916, 39, 67, 'a:5:{i:5;s:2:"10";i:4;s:2:"23";i:3;s:1:"9";i:2;s:1:"2";i:1;s:1:"0";}', 44, 9),
(11, 1415225842, 50, 162, 'a:5:{i:5;s:3:"157";i:4;s:3:"224";i:3;s:3:"101";i:2;s:2:"16";i:1;s:1:"5";}', 781, 0),
(12, 1415228332, 19, 32, 'a:5:{i:5;s:1:"0";i:4;s:1:"0";i:3;s:1:"0";i:2;s:1:"2";i:1;s:1:"1";}', 5, 1),
(13, 1415228366, 63, 109, 'a:5:{i:5;s:2:"20";i:4;s:2:"16";i:3;s:1:"3";i:2;s:1:"0";i:1;s:1:"0";}', 41, 0),
(16, 1415229975, 66, 115, 'a:5:{i:5;s:1:"0";i:4;s:1:"4";i:3;s:1:"9";i:2;s:1:"7";i:1;s:1:"1";}', 16, 6),
(17, 1415271187, 67, 117, 'a:5:{i:5;s:2:"18";i:4;s:2:"22";i:3;s:1:"4";i:2;s:1:"0";i:1;s:1:"0";}', 44, 5),
(18, 1415276922, 6, 8, 'a:5:{i:5;s:1:"3";i:4;s:2:"15";i:3;s:1:"8";i:2;s:1:"0";i:1;s:1:"0";}', 25, 6),
(20, 1415276995, 13, 20, 'a:5:{i:5;s:2:"44";i:4;s:2:"15";i:3;s:1:"2";i:2;s:1:"0";i:1;s:1:"0";}', 60, 3),
(21, 1415280048, 76, 135, 'a:5:{i:5;s:2:"25";i:4;s:2:"39";i:3;s:2:"15";i:2;s:1:"0";i:1;s:1:"0";}', 80, 3),
(22, 1415281962, 65, 113, 'a:5:{i:5;s:1:"4";i:4;s:1:"3";i:3;s:1:"3";i:2;s:1:"4";i:1;s:1:"0";}', 15, 1),
(23, 1415282005, 73, 239, 'a:5:{i:5;s:1:"9";i:4;s:2:"24";i:3;s:1:"6";i:2;s:1:"0";i:1;s:1:"0";}', 40, 0),
(25, 1415286935, 68, 201, 'a:5:{i:5;s:2:"33";i:4;s:2:"25";i:3;s:1:"7";i:2;s:1:"0";i:1;s:1:"0";}', 55, 10),
(26, 1415287077, 58, 99, 'a:5:{i:5;s:1:"2";i:4;s:2:"10";i:3;s:1:"9";i:2;s:1:"3";i:1;s:1:"0";}', 20, 7),
(27, 1415287433, 23, 184, 'a:5:{i:5;s:1:"5";i:4;s:1:"6";i:3;s:1:"6";i:2;s:1:"1";i:1;s:1:"1";}', 17, 4),
(28, 1415287634, 71, 189, 'a:5:{i:5;s:1:"3";i:4;s:1:"8";i:3;s:2:"12";i:2;s:1:"4";i:1;s:1:"3";}', 27, 4),
(29, 1415287727, 53, 194, 'a:5:{i:5;s:1:"4";i:4;s:2:"10";i:3;s:2:"24";i:2;s:1:"6";i:1;s:1:"0";}', 49, 7),
(30, 1415291063, 72, 237, 'a:5:{i:5;s:2:"52";i:4;s:2:"65";i:3;s:2:"15";i:2;s:1:"0";i:1;s:1:"0";}', 124, 14),
(31, 1415291700, 35, 60, 'a:5:{i:5;s:1:"4";i:4;s:1:"6";i:3;s:2:"16";i:2;s:1:"3";i:1;s:1:"0";}', 28, 1),
(32, 1415294304, 75, 134, 'a:5:{i:5;s:1:"7";i:4;s:2:"13";i:3;s:1:"0";i:2;s:1:"0";i:1;s:1:"0";}', 17, 3),
(33, 1415294404, 56, 96, 'a:5:{i:5;s:1:"2";i:4;s:1:"2";i:3;s:1:"1";i:2;s:1:"3";i:1;s:1:"2";}', 9, 2),
(34, 1415294492, 64, 171, 'a:5:{i:5;s:2:"15";i:4;s:2:"26";i:3;s:2:"12";i:2;s:1:"0";i:1;s:1:"0";}', 50, 2),
(35, 1415297823, 28, 48, 'a:5:{i:5;s:2:"30";i:4;s:2:"55";i:3;s:2:"33";i:2;s:2:"13";i:1;s:1:"0";}', 118, 13),
(36, 1415297925, 43, 156, 'a:5:{i:5;s:2:"12";i:4;s:2:"17";i:3;s:1:"5";i:2;s:1:"2";i:1;s:1:"0";}', 33, 5),
(37, 1415297978, 29, 217, 'a:5:{i:5;s:2:"26";i:4;s:2:"17";i:3;s:2:"11";i:2;s:1:"0";i:1;s:1:"0";}', 52, 10),
(38, 1415298017, 30, 52, 'a:5:{i:5;s:2:"14";i:4;s:1:"6";i:3;s:1:"0";i:2;s:1:"0";i:1;s:1:"1";}', 19, 1),
(41, 1415306768, 45, 79, 'a:5:{i:5;s:1:"7";i:4;s:2:"10";i:3;s:1:"1";i:2;s:1:"0";i:1;s:1:"0";}', 19, 4),
(42, 1415306839, 40, 226, 'a:5:{i:5;s:1:"1";i:4;s:2:"10";i:3;s:2:"10";i:2;s:1:"8";i:1;s:1:"0";}', 28, 1),
(43, 1415306920, 60, 246, 'a:5:{i:5;s:2:"17";i:4;s:2:"20";i:3;s:1:"3";i:2;s:1:"0";i:1;s:1:"0";}', 40, 5),
(44, 1415306999, 61, 244, 'a:5:{i:5;s:1:"5";i:4;s:1:"5";i:3;s:1:"5";i:2;s:1:"2";i:1;s:1:"1";}', 16, 2),
(45, 1415307018, 74, 131, 'a:5:{i:5;s:1:"5";i:4;s:2:"16";i:3;s:2:"21";i:2;s:1:"2";i:1;s:1:"2";}', 46, 7),
(46, 1415307594, 10, 183, 'a:5:{i:5;s:3:"030";i:4;s:2:"31";i:3;s:2:"26";i:2;s:1:"8";i:1;s:1:"1";}', 99, 14),
(47, 1415309105, 38, 224, 'a:5:{i:5;s:3:"014";i:4;s:2:"13";i:3;s:2:"10";i:2;s:1:"0";i:1;s:1:"0";}', 35, 0),
(48, 1415309115, 14, 205, 'a:5:{i:5;s:2:"15";i:4;s:2:"83";i:3;s:2:"53";i:2;s:1:"6";i:1;s:1:"0";}', 152, 15),
(49, 1415314409, 78, 139, 'a:5:{i:5;s:1:"0";i:4;s:1:"6";i:3;s:1:"5";i:2;s:2:"11";i:1;s:1:"5";}', 20, 9),
(50, 1415315030, 16, 208, 'a:5:{i:5;s:1:"1";i:4;s:1:"6";i:3;s:1:"8";i:2;s:1:"3";i:1;s:1:"1";}', 18, 1),
(51, 1415315081, 54, 234, 'a:5:{i:5;s:2:"10";i:4;s:2:"27";i:3;s:2:"21";i:2;s:1:"3";i:1;s:1:"0";}', 51, 10),
(52, 1415315138, 31, 154, 'a:5:{i:5;s:2:"20";i:4;s:2:"34";i:3;s:2:"31";i:2;s:1:"5";i:1;s:1:"9";}', 96, 11),
(53, 1415315454, 49, 232, 'a:5:{i:5;s:1:"2";i:4;s:2:"27";i:3;s:2:"25";i:2;s:1:"7";i:1;s:1:"2";}', 59, 8),
(54, 1415316681, 83, 248, 'a:5:{i:5;s:1:"8";i:4;s:1:"6";i:3;s:1:"6";i:2;s:1:"1";i:1;s:1:"0";}', 17, 5),
(55, 1415359328, 66, 116, 'a:5:{i:5;s:1:"1";i:4;s:2:"15";i:3;s:2:"17";i:2;s:1:"6";i:1;s:1:"2";}', 32, 9),
(56, 1415361211, 36, 222, 'a:5:{i:5;s:2:"26";i:4;s:2:"34";i:3;s:2:"10";i:2;s:1:"1";i:1;s:1:"1";}', 70, 8),
(57, 1415361244, 8, 178, 'a:5:{i:5;s:2:"18";i:4;s:2:"18";i:3;s:1:"3";i:2;s:1:"0";i:1;s:1:"0";}', 38, 2),
(58, 1415361280, 74, 132, 'a:5:{i:5;s:1:"1";i:4;s:1:"9";i:3;s:1:"1";i:2;s:1:"1";i:1;s:1:"0";}', 12, 0),
(59, 1415364490, 79, 141, 'a:5:{i:5;s:2:"27";i:4;s:2:"47";i:3;s:1:"8";i:2;s:1:"0";i:1;s:1:"0";}', 81, 7),
(60, 1415365468, 71, 190, 'a:5:{i:5;s:2:"12";i:4;s:2:"19";i:3;s:2:"15";i:2;s:1:"1";i:1;s:1:"0";}', 38, 8),
(61, 1415365526, 24, 210, 'a:5:{i:5;s:2:"11";i:4;s:2:"26";i:3;s:2:"23";i:2;s:1:"8";i:1;s:1:"2";}', 64, 7),
(62, 1415373989, 26, 214, 'a:5:{i:5;s:1:"3";i:4;s:2:"16";i:3;s:2:"22";i:2;s:2:"13";i:1;s:1:"6";}', 56, 7),
(63, 1415375575, 50, 177, 'a:5:{i:5;s:3:"148";i:4;s:2:"15";i:3;s:2:"43";i:2;s:3:"136";i:1;s:1:"2";}', 336, 35),
(64, 1415378952, 57, 97, 'a:5:{i:5;s:1:"5";i:4;s:1:"4";i:3;s:1:"5";i:2;s:1:"4";i:1;s:1:"3";}', 17, 5),
(65, 1415378991, 44, 228, 'a:5:{i:5;s:2:"13";i:4;s:1:"5";i:3;s:1:"3";i:2;s:1:"2";i:1;s:1:"0";}', 22, 5),
(66, 1415379026, 48, 230, 'a:5:{i:5;s:1:"4";i:4;s:2:"17";i:3;s:1:"7";i:2;s:1:"1";i:1;s:1:"0";}', 32, 2),
(67, 1415379066, 17, 28, 'a:5:{i:5;s:2:"19";i:4;s:2:"15";i:3;s:1:"3";i:2;s:1:"0";i:1;s:1:"2";}', 41, 0),
(68, 1415379108, 47, 81, 'a:5:{i:5;s:1:"8";i:4;s:2:"17";i:3;s:1:"1";i:2;s:1:"0";i:1;s:1:"0";}', 33, 1),
(69, 1415379143, 69, 236, 'a:5:{i:5;s:1:"3";i:4;s:2:"12";i:3;s:2:"15";i:2;s:1:"5";i:1;s:1:"3";}', 39, 1),
(70, 1415383472, 31, 155, 'a:5:{i:5;s:2:"44";i:4;s:2:"85";i:3;s:2:"34";i:2;s:1:"6";i:1;s:1:"0";}', 161, 12),
(71, 1415387642, 77, 137, 'a:5:{i:5;s:1:"2";i:4;s:1:"9";i:3;s:2:"15";i:2;s:1:"4";i:1;s:1:"0";}', 29, 5),
(72, 1415387739, 13, 21, 'a:5:{i:5;s:3:"138";i:4;s:2:"62";i:3;s:2:"10";i:2;s:1:"1";i:1;s:1:"1";}', 212, 24),
(73, 1415387867, 20, 34, 'a:5:{i:5;s:2:"80";i:4;s:2:"60";i:3;s:1:"5";i:2;s:1:"4";i:1;s:1:"0";}', 239, 0),
(74, 1415388392, 18, 152, 'a:5:{i:5;s:1:"4";i:4;s:1:"1";i:3;s:1:"0";i:2;s:1:"0";i:1;s:1:"0";}', 4, 2),
(75, 1415392906, 81, 145, 'a:5:{i:5;s:2:"87";i:4;s:2:"34";i:3;s:2:"10";i:2;s:1:"2";i:1;s:1:"3";}', 154, 7),
(76, 1415395758, 33, 220, 'a:5:{i:5;s:2:"19";i:4;s:2:"71";i:3;s:2:"63";i:2;s:2:"20";i:1;s:1:"3";}', 189, 23),
(77, 1415395818, 18, 153, 'a:5:{i:5;s:1:"6";i:4;s:1:"4";i:3;s:1:"0";i:2;s:1:"0";i:1;s:1:"0";}', 8, 3),
(78, 1415397011, 2, 2, 'a:5:{i:5;s:2:"37";i:4;s:2:"89";i:3;s:2:"69";i:2;s:2:"16";i:1;s:1:"5";}', 241, 4),
(79, 1415398148, 25, 212, 'a:5:{i:5;s:1:"7";i:4;s:2:"10";i:3;s:1:"9";i:2;s:1:"3";i:1;s:1:"2";}', 36, 1),
(80, 1415398174, 9, 181, 'a:5:{i:5;s:1:"3";i:4;s:1:"8";i:3;s:1:"5";i:2;s:1:"0";i:1;s:1:"0";}', 16, 0),
(81, 1415398196, 14, 206, 'a:5:{i:5;s:1:"7";i:4;s:2:"19";i:3;s:2:"12";i:2;s:1:"1";i:1;s:1:"0";}', 30, 1),
(82, 1415398232, 35, 61, 'a:5:{i:5;s:1:"7";i:4;s:2:"16";i:3;s:1:"9";i:2;s:2:"11";i:1;s:1:"1";}', 34, 1),
(83, 1415398256, 11, 203, 'a:5:{i:5;s:1:"2";i:4;s:2:"19";i:3;s:2:"18";i:2;s:1:"0";i:1;s:1:"0";}', 40, 0),
(84, 1415398275, 32, 219, 'a:5:{i:5;s:1:"3";i:4;s:1:"9";i:3;s:1:"7";i:2;s:1:"5";i:1;s:1:"1";}', 28, 1),
(85, 1415401361, 59, 101, 'a:5:{i:5;s:2:"22";i:4;s:2:"20";i:3;s:2:"18";i:2;s:1:"8";i:1;s:1:"0";}', 102, 8),
(86, 1415401892, 27, 216, 'a:5:{i:5;s:2:"19";i:4;s:2:"34";i:3;s:2:"25";i:2;s:2:"14";i:1;s:1:"6";}', 96, 15),
(87, 1415402319, 41, 72, 'a:5:{i:5;s:1:"0";i:4;s:1:"3";i:3;s:1:"2";i:2;s:1:"0";i:1;s:1:"0";}', 4, 1),
(88, 1415402350, 65, 114, 'a:5:{i:5;s:1:"5";i:4;s:1:"7";i:3;s:1:"8";i:2;s:1:"8";i:1;s:1:"5";}', 37, 1),
(89, 1415402390, 67, 200, 'a:5:{i:5;s:2:"29";i:4;s:2:"31";i:3;s:2:"12";i:2;s:1:"0";i:1;s:1:"0";}', 77, 3),
(90, 1415444307, 22, 38, 'a:5:{i:5;s:2:"11";i:4;s:1:"8";i:3;s:1:"4";i:2;s:1:"0";i:1;s:1:"2";}', 25, 1),
(91, 1415447506, 33, 221, 'a:5:{i:5;s:2:"18";i:4;s:2:"49";i:3;s:2:"19";i:2;s:1:"1";i:1;s:1:"2";}', 89, 8),
(92, 1415447565, 5, 149, 'a:5:{i:5;s:2:"10";i:4;s:2:"14";i:3;s:1:"6";i:2;s:1:"0";i:1;s:1:"0";}', 25, 6),
(93, 1415447663, 78, 140, 'a:5:{i:5;s:1:"0";i:4;s:2:"10";i:3;s:1:"3";i:2;s:2:"14";i:1;s:1:"9";}', 30, 4),
(94, 1415448641, 61, 245, 'a:5:{i:5;s:2:"10";i:4;s:2:"15";i:3;s:1:"8";i:2;s:1:"3";i:1;s:1:"2";}', 40, 0),
(95, 1415453558, 62, 108, 'a:5:{i:5;s:2:"71";i:4;s:2:"63";i:3;s:2:"15";i:2;s:1:"0";i:1;s:1:"0";}', 150, 10),
(96, 1415453596, 2, 3, 'a:5:{i:5;s:2:"32";i:4;s:2:"76";i:3;s:2:"66";i:2;s:2:"11";i:1;s:1:"1";}', 192, 10),
(97, 1415464069, 39, 187, 'a:5:{i:5;s:2:"59";i:4;s:2:"71";i:3;s:2:"20";i:2;s:1:"0";i:1;s:1:"0";}', 136, 19),
(98, 1415464134, 12, 19, 'a:5:{i:5;s:2:"26";i:4;s:2:"49";i:3;s:2:"26";i:2;s:1:"4";i:1;s:1:"0";}', 105, 5),
(99, 1415464261, 79, 142, 'a:5:{i:5;s:2:"60";i:4;s:3:"100";i:3;s:2:"38";i:2;s:1:"1";i:1;s:1:"0";}', 185, 14),
(100, 1415469857, 34, 58, 'a:5:{i:5;s:1:"1";i:4;s:1:"8";i:3;s:2:"43";i:2;s:2:"56";i:1;s:2:"54";}', 192, 0),
(101, 1415470054, 76, 136, 'a:5:{i:5;s:2:"51";i:4;s:3:"100";i:3;s:2:"28";i:2;s:2:"12";i:1;s:1:"2";}', 192, 15),
(102, 1415477675, 7, 10, 'a:5:{i:5;s:1:"1";i:4;s:1:"5";i:3;s:1:"7";i:2;s:1:"2";i:1;s:1:"0";}', 14, 2),
(103, 1415477717, 15, 207, 'a:5:{i:5;s:1:"0";i:4;s:1:"6";i:3;s:2:"17";i:2;s:1:"3";i:1;s:1:"3";}', 36, 0),
(104, 1415477770, 6, 9, 'a:5:{i:5;s:1:"7";i:4;s:2:"22";i:3;s:1:"8";i:2;s:1:"2";i:1;s:1:"0";}', 40, 0),
(105, 1415477819, 26, 215, 'a:5:{i:5;s:1:"4";i:4;s:1:"7";i:3;s:2:"11";i:2;s:2:"12";i:1;s:1:"2";}', 38, 0),
(106, 1415477914, 55, 243, 'a:5:{i:5;s:1:"2";i:4;s:1:"7";i:3;s:2:"10";i:2;s:1:"2";i:1;s:1:"1";}', 26, 11),
(107, 1415478084, 49, 233, 'a:5:{i:5;s:1:"2";i:4;s:2:"21";i:3;s:2:"13";i:2;s:1:"3";i:1;s:1:"1";}', 40, 0),
(108, 1415484148, 53, 195, 'a:5:{i:5;s:2:"36";i:4;s:3:"159";i:3;s:3:"222";i:2;s:2:"44";i:1;s:2:"12";}', 526, 26),
(109, 1415484190, 80, 241, 'a:5:{i:5;s:2:"49";i:4;s:2:"69";i:3;s:2:"32";i:2;s:2:"19";i:1;s:2:"23";}', 218, 4),
(110, 1415488908, 44, 229, 'a:5:{i:5;s:2:"18";i:4;s:1:"8";i:3;s:1:"4";i:2;s:1:"0";i:1;s:1:"0";}', 32, 11),
(111, 1415488946, 8, 179, 'a:5:{i:5;s:2:"46";i:4;s:2:"23";i:3;s:1:"4";i:2;s:1:"1";i:1;s:1:"0";}', 75, 5),
(112, 1415488975, 17, 29, 'a:5:{i:5;s:2:"12";i:4;s:2:"24";i:3;s:1:"3";i:2;s:1:"0";i:1;s:1:"0";}', 41, 0),
(113, 1415489191, 23, 185, 'a:5:{i:5;s:1:"1";i:4;s:1:"7";i:3;s:1:"2";i:2;s:1:"0";i:1;s:1:"0";}', 13, 0),
(114, 1415489224, 68, 202, 'a:5:{i:5;s:2:"39";i:4;s:2:"24";i:3;s:1:"2";i:2;s:1:"0";i:1;s:1:"0";}', 70, 2),
(115, 1415489256, 43, 157, 'a:5:{i:5;s:2:"14";i:4;s:2:"10";i:3;s:1:"6";i:2;s:1:"1";i:1;s:1:"0";}', 33, 0),
(116, 1415489963, 28, 49, 'a:5:{i:5;s:2:"69";i:4;s:2:"88";i:3;s:2:"33";i:2;s:1:"8";i:1;s:1:"2";}', 222, 101),
(117, 1415490005, 63, 198, 'a:5:{i:5;s:3:"105";i:4;s:2:"98";i:3;s:2:"29";i:2;s:1:"3";i:1;s:1:"1";}', 235, 19),
(118, 1415490048, 51, 88, 'a:5:{i:5;s:2:"21";i:4;s:2:"23";i:3;s:2:"18";i:2;s:1:"2";i:1;s:1:"3";}', 83, 10),
(120, 1415531260, 60, 247, 'a:5:{i:5;s:2:"38";i:4;s:2:"11";i:3;s:1:"3";i:2;s:1:"0";i:1;s:1:"0";}', 47, 6),
(121, 1415533297, 73, 240, 'a:5:{i:5;s:2:"22";i:4;s:2:"29";i:3;s:2:"12";i:2;s:1:"0";i:1;s:1:"0";}', 55, 9),
(122, 1415533366, 20, 35, 'a:5:{i:5;s:2:"77";i:4;s:2:"41";i:3;s:1:"6";i:2;s:1:"0";i:1;s:1:"0";}', 144, 9),
(123, 1415537160, 77, 138, 'a:5:{i:5;s:1:"8";i:4;s:1:"6";i:3;s:1:"3";i:2;s:1:"0";i:1;s:1:"0";}', 18, 0),
(124, 1415537213, 57, 98, 'a:5:{i:5;s:1:"3";i:4;s:1:"5";i:3;s:1:"2";i:2;s:1:"1";i:1;s:1:"1";}', 14, 0),
(125, 1415537253, 46, 80, 'a:5:{i:5;s:2:"46";i:4;s:2:"10";i:3;s:1:"2";i:2;s:1:"2";i:1;s:1:"1";}', 68, 0),
(126, 1415542674, 8, 180, 'a:5:{i:5;s:2:"75";i:4;s:2:"24";i:3;s:1:"2";i:2;s:1:"0";i:1;s:1:"0";}', 95, 8),
(127, 1415542724, 72, 238, 'a:5:{i:5;s:3:"105";i:4;s:2:"85";i:3;s:2:"24";i:2;s:1:"2";i:1;s:1:"0";}', 211, 16),
(128, 1415542765, 16, 209, 'a:5:{i:5;s:1:"6";i:4;s:2:"12";i:3;s:2:"12";i:2;s:1:"5";i:1;s:1:"2";}', 40, 2),
(129, 1415542988, 11, 204, 'a:5:{i:5;s:1:"5";i:4;s:2:"21";i:3;s:1:"9";i:2;s:1:"2";i:1;s:1:"0";}', 38, 0),
(130, 1415543038, 21, 37, 'a:5:{i:5;s:1:"5";i:4;s:2:"15";i:3;s:1:"6";i:2;s:1:"1";i:1;s:1:"0";}', 27, 2),
(131, 1415543268, 37, 175, 'a:5:{i:5;s:2:"29";i:4;s:2:"11";i:3;s:1:"1";i:2;s:1:"0";i:1;s:1:"0";}', 66, 0),
(132, 1415565266, 54, 235, 'a:5:{i:5;s:2:"16";i:4;s:2:"36";i:3;s:2:"33";i:2;s:1:"5";i:1;s:1:"1";}', 91, 12),
(133, 1415565308, 83, 249, 'a:5:{i:5;s:1:"6";i:4;s:2:"26";i:3;s:2:"22";i:2;s:1:"4";i:1;s:1:"1";}', 49, 11),
(134, 1415707497, 40, 227, 'a:5:{i:5;s:2:"11";i:4;s:2:"31";i:3;s:2:"37";i:2;s:1:"7";i:1;s:1:"2";}', 80, 14),
(135, 1415708168, 48, 231, 'a:5:{i:5;s:1:"4";i:4;s:2:"22";i:3;s:2:"12";i:2;s:1:"1";i:1;s:1:"0";}', 40, 0),
(136, 1415708200, 52, 89, 'a:5:{i:5;s:2:"35";i:4;s:2:"11";i:3;s:1:"0";i:2;s:1:"3";i:1;s:1:"0";}', 50, 3),
(137, 1415708243, 59, 102, 'a:5:{i:5;s:2:"13";i:4;s:2:"20";i:3;s:1:"5";i:2;s:1:"0";i:1;s:1:"0";}', 39, 1),
(138, 1415708282, 53, 196, 'a:5:{i:5;s:1:"8";i:4;s:2:"59";i:3;s:2:"52";i:2;s:1:"9";i:1;s:1:"3";}', 142, 6),
(139, 1415708310, 58, 100, 'a:5:{i:5;s:1:"1";i:4;s:1:"9";i:3;s:1:"8";i:2;s:1:"0";i:1;s:1:"0";}', 16, 3),
(140, 1415708406, 36, 223, 'a:5:{i:5;s:2:"17";i:4;s:2:"59";i:3;s:2:"25";i:2;s:1:"4";i:1;s:1:"1";}', 99, 14),
(141, 1415708579, 38, 225, 'a:5:{i:5;s:3:"111";i:4;s:2:"82";i:3;s:2:"17";i:2;s:1:"2";i:1;s:1:"0";}', 205, 17),
(143, 1415709054, 84, 252, 'a:5:{i:5;s:1:"0";i:4;s:1:"0";i:3;s:1:"0";i:2;s:1:"0";i:1;s:1:"0";}', 27, 4),
(144, 1415709251, 85, 253, 'a:5:{i:5;s:2:"29";i:4;s:2:"11";i:3;s:1:"1";i:2;s:1:"0";i:1;s:1:"0";}', 66, 1),
(147, 1415709440, 24, 211, 'a:5:{i:5;s:1:"0";i:4;s:1:"0";i:3;s:1:"0";i:2;s:1:"0";i:1;s:1:"0";}', 16, 2),
(148, 1415709461, 74, 133, 'a:5:{i:5;s:1:"0";i:4;s:1:"0";i:3;s:1:"0";i:2;s:1:"0";i:1;s:1:"0";}', 6, 0),
(149, 1415709477, 71, 191, 'a:5:{i:5;s:1:"0";i:4;s:1:"0";i:3;s:1:"0";i:2;s:1:"0";i:1;s:1:"0";}', 7, 0),
(150, 1415709512, 64, 172, 'a:5:{i:5;s:1:"0";i:4;s:1:"0";i:3;s:1:"0";i:2;s:1:"0";i:1;s:1:"0";}', 46, 2),
(151, 1415709574, 34, 59, 'a:5:{i:5;s:1:"1";i:4;s:1:"4";i:3;s:2:"13";i:2;s:2:"24";i:1;s:1:"7";}', 51, 1),
(152, 1415709696, 29, 218, 'a:5:{i:5;s:2:"22";i:4;s:2:"11";i:3;s:1:"2";i:2;s:1:"1";i:1;s:1:"1";}', 34, 0),
(153, 1415709721, 4, 173, 'a:5:{i:5;s:1:"0";i:4;s:1:"0";i:3;s:1:"0";i:2;s:1:"0";i:1;s:1:"0";}', 38, 0),
(154, 1415709753, 19, 33, 'a:5:{i:5;s:1:"0";i:4;s:1:"6";i:3;s:1:"2";i:2;s:1:"3";i:1;s:1:"0";}', 15, 0),
(155, 1415709862, 9, 182, 'a:5:{i:5;s:0:"";i:4;s:1:"5";i:3;s:1:"5";i:2;s:1:"4";i:1;s:1:"1";}', 11, 0),
(156, 1415709918, 80, 242, 'a:5:{i:5;s:1:"0";i:4;s:1:"0";i:3;s:1:"0";i:2;s:1:"0";i:1;s:1:"0";}', 22, 7),
(158, 1415710294, 84, 251, 'a:5:{i:5;s:2:"10";i:4;s:1:"5";i:3;s:1:"0";i:2;s:1:"1";i:1;s:1:"0";}', 18, 0),
(159, 1415713269, 25, 213, 'a:5:{i:5;s:2:"12";i:4;s:2:"13";i:3;s:2:"20";i:2;s:2:"15";i:1;s:1:"6";}', 72, 8),
(160, 1415713299, 70, 193, 'a:5:{i:5;s:1:"0";i:4;s:1:"0";i:3;s:1:"0";i:2;s:1:"0";i:1;s:1:"0";}', 33, 8),
(161, 1415713332, 39, 188, 'a:5:{i:5;s:2:"26";i:4;s:2:"39";i:3;s:2:"14";i:2;s:1:"1";i:1;s:1:"1";}', 88, 7),
(162, 1415716825, 3, 174, 'a:5:{i:5;s:3:"132";i:4;s:3:"207";i:3;s:2:"80";i:2;s:2:"34";i:1;s:2:"15";}', 691, 14);

/*!40101 SET CHARACTER_SET_CLIENT=@OLD_CHARACTER_SET_CLIENT */;
/*!40101 SET CHARACTER_SET_RESULTS=@OLD_CHARACTER_SET_RESULTS */;
/*!40101 SET COLLATION_CONNECTION=@OLD_COLLATION_CONNECTION */;
